getAllRestaurants,2026-06-11T12:46:33.648560966
getRestaurantsByCategory,2026-06-11T12:46:33.655848666
getMenu,2026-06-11T12:46:33.656556129
getOrdersByStatus,2026-06-11T12:46:33.660692873
getOrdersByStatus,2026-06-11T12:46:33.660884674
getOrdersByStatus,2026-06-11T12:46:33.660927265
getOrdersByStatus,2026-06-11T12:46:33.660964815
getOrdersByStatus,2026-06-11T12:46:33.660995343
getOrdersByStatus,2026-06-11T12:46:33.661024317
placeOrder,2026-06-11T12:46:33.661060275
calculateTotal,2026-06-11T12:46:33.686355835
getAvailableDrivers,2026-06-11T12:46:33.687486525
assignDriver,2026-06-11T12:46:33.689302396
getOrdersByStatus,2026-06-11T12:46:33.702740575
markDelivered,2026-06-11T12:46:33.703001557
getOrdersByStatus,2026-06-11T12:46:33.716401133
getOrdersByStatus,2026-06-11T12:46:33.716542359
getOrdersByStatus,2026-06-11T12:46:33.716614095
getOrdersByStatus,2026-06-11T12:46:33.716675941
getOrdersByStatus,2026-06-11T12:46:33.716733910
getOrdersByStatus,2026-06-11T12:46:33.716846462
placeOrder,2026-06-11T12:46:33.716905824
getOrdersByUser,2026-06-11T12:46:33.730023359
getReviewsByRestaurant,2026-06-11T12:46:33.730572784
getAllReviews,2026-06-11T12:46:33.732609251
getAllRestaurants,2026-06-11T12:46:33.732809087
getAllPersons,2026-06-11T12:46:33.734038824
getAllRestaurants,2026-06-11T12:46:41.739332494
getRestaurantsByCategory,2026-06-11T12:46:41.747677506
getMenu,2026-06-11T12:46:41.748120651
getOrdersByStatus,2026-06-11T12:46:41.751995121
getOrdersByStatus,2026-06-11T12:46:41.752231356
getOrdersByStatus,2026-06-11T12:46:41.752286310
getOrdersByStatus,2026-06-11T12:46:41.752326315
getOrdersByStatus,2026-06-11T12:46:41.752361892
getOrdersByStatus,2026-06-11T12:46:41.752398611
placeOrder,2026-06-11T12:46:41.752443766
calculateTotal,2026-06-11T12:46:41.779358697
getAvailableDrivers,2026-06-11T12:46:41.780022758
assignDriver,2026-06-11T12:46:41.781812911
getOrdersByStatus,2026-06-11T12:46:41.795429576
markDelivered,2026-06-11T12:46:41.795624063
getOrdersByStatus,2026-06-11T12:46:41.809483585
getOrdersByStatus,2026-06-11T12:46:41.809599884
getOrdersByStatus,2026-06-11T12:46:41.809641904
getOrdersByStatus,2026-06-11T12:46:41.809683923
getOrdersByStatus,2026-06-11T12:46:41.809723347
getOrdersByStatus,2026-06-11T12:46:41.809759615
placeOrder,2026-06-11T12:46:41.809805522
getOrdersByUser,2026-06-11T12:46:41.823897883
getReviewsByRestaurant,2026-06-11T12:46:41.824549531
getAllReviews,2026-06-11T12:46:41.826440684
getAllRestaurants,2026-06-11T12:46:41.826635391
getAllPersons,2026-06-11T12:46:41.827658599
getAllRestaurants,2026-06-11T13:13:06.163277589
getRestaurantsByCategory,2026-06-11T13:13:06.170801033
getMenu,2026-06-11T13:13:06.171341106
placeOrder,2026-06-11T13:13:06.173472629
calculateTotal,2026-06-11T13:13:06.197120804
getAvailableDrivers,2026-06-11T13:13:06.197798925
assignDriver,2026-06-11T13:13:06.199147524
getOrdersByStatus,2026-06-11T13:13:06.211901262
markDelivered,2026-06-11T13:13:06.212093600
placeOrder,2026-06-11T13:13:06.226527246
getOrdersByUser,2026-06-11T13:13:06.238916292
getReviewsByRestaurant,2026-06-11T13:13:06.239532250
getAllReviews,2026-06-11T13:13:06.241388799
getAllRestaurants,2026-06-11T13:13:06.241554603
getAllPersons,2026-06-11T13:13:06.242390785
